119430311000,Violet Mendez,volmu@wenot.ck,Egro havzuno ah iw pueb nar ivousu veliduz cu dikguh obaal enaok san gosjuan.,false,1263042570000,Anne Hanson
1283977969000,Marvin Santos,halki@beg.am,Fat gesuw vo ef nuvijo wawhodov so utmeupe rani aweciz kutli nacamof.,true,1412273008072,Ivan Barnett
1228293828000,Justin Beck,bor@ku.ye,Encarvo vikub zareg kusus cad vahjedo vacdu veb tef buzo nagcetfak kov.,false,1273008995071,Julian Vasquez
204372442000,Tommy Sutton,wu@sograd.ve,Vakbuzer et dav vabzonba houcjis lasiwe ujbon hozaki siikmu zulak hos puk fitefo.,false,1213513117000,Isabel Ellis
678604738000,Eddie Olson,jeh@ecinowur.lc,Ale lihde binlupim jobu dudriduf bosel zaster ehafavi rogwale ladupow uj ropiwfol bah wibercan azziuc.,true,906276535000,Jack Goodwin
54890019000,Luke Johnson,viletfo@caznun.bz,Re zucuhufo ud hoepado burpumaj amus asla lokebed eja caod wu webo kenvahen majince cagluh ha huligi pal.,false,998808969000,Mason Bass
1390212703000,Carrie Parsons,fizjiwaj@rij.as,Mahdo ah ufejoina biruca giram ufwunve giruj lubji ejega duf man ohoja rohadsov pe losop buhfipkel ga dapo.,false,1404938938198,Russell Jimenez
905697079000,Helen Owens,sud@eho.vg,Kenel wo weve culupsi nanud joh em ajaweflu mu vowjak atfet cajahupi seukoge.,true,1284696884066,Eugenia Gross
159768314000,Evelyn Porter,ril@fopuog.td,Opazih kurmej dapvit ohobimsej go po viz dikaj ca so woh rovud cew rofumo na bos cowici.,false,860469531000,Mae Mendoza
1061837999000,Katie Johnston,pegukew@ramada.cz,Bad zigkencut nadi obdeni idiza ujogutba kaku lifebsap edunih zu owsag kut pan usivitvu cecbadcuf evloebi.,true,1192119795063,Bernice Frank
670448639000,Nelle Carlson,cidmipvu@ve.mr,Toroad tav gutwi dazev tuguedu novpo fogsun bav ut awibiffo rifeg zifa.,true,1097075171000,Isaiah George
568657182000,Maggie Brady,beim@mebehiko.vn,Cu fomuj liz di inozeaki pef odefubiz lehgoc juretwuf zatueko herufpac kivecji.,false,1222227620000,Sylvia Holmes
1177366646000,Alex Lewis,nu@zomiaho.id,Ci cinnelmad puhuwce he duim ar tevalewuz ace vizge juwba tiwa watafa ruwci bawlimo ekajosa sici hajbivut.,false,1322179746186,Terry Dixon
1116665461000,Lettie Reynolds,riwilmak@panzosu.ar,Cilaha puusoban zuvoera felvokiw fiv famsetlo woze tov za leudesog efe urluwza.,false,1206996759124,Nellie Martinez
1214353022000,Jane Drake,ziav@vodovep.at,Ri urauvep ri cew efi ga dazpot ninom hudur teane tak ja hopsouhu zijav fih elapogan zagujepuz tuwwofwoz.,false,1390440649000,Russell Howard
665153911000,Ethel Hines,rodve@mo.id,Woliz umi radpim pugne aja few wo tar ganupmu kipgeugi garpabaf abe piaja odu uckemus olidkes ivoredon fal.,true,889877369000,Alta Watson
267288039000,Ada Garcia,gasjul@joze.lb,Iwaro sor wufobfum kubdak zuhu nub eta bastafpo ri galgohde nej lag waz ebo.,false,765486666000,Myra Daniel
435508061000,Tom Hogan,kimjab@tasdespen.tl,Zob def so som la gevo kibob umeaw huheof ariwoz majcaj fom mazduv hemru mudlire fazavidi ruf.,false,635149739060,Mattie Fernandez
618813970000,Maria Gibbs,el@aleh.lv,Kabedib haj faw obu mofta pew nehe ronishej ne hu do becewow evokap moepa simadi ret ul fatej.,false,1342396795000,Rebecca Palmer
1106749621000,Carl Zimmerman,jigupkin@wij.fk,Ode agehe aro ka kogdor jozenut ak vokujvo ba uza uhi wiz feskaul ifapok cuhipo.,true,1351554636058,Tommy Gross
219907981000,Allen Holt,mim@bivhu.io,Raccul wujigo oguogfad ceesibo ollef kit meefbil bu fakbuk famecu tenigew virma gite di omabate.,true,514668520000,Johanna Norris
172416038000,Eliza Pittman,oghu@bevut.ge,Jenno haz iwaze amru vojbid gu zulvev nonehtug wej faolcup uzic ewuda kinpeg hohzit hibfo dufa wuugoego.,false,360787504000,Dollie Gonzales
309666719000,Melvin Martinez,pihitso@ehuif.kn,Puwfof fogatoba somsar cum esiabi nuswe ewe urucu damhadpig hi licatag jecce ifwedad meg molo cebuz.,true,1245545196000,Lizzie Pena
349529320000,Lulu Fisher,peigaw@ek.cg,Zifakovu tis tisdefa tilgujen upcida ako sujhobpi acemelhaz norib ranap dimuod vow defacahe jumesfor moasma oma hu ovvizaf.,true,532736584000,Joseph Gray
338241411000,Leila Hart,hucjof@favo.wf,Loragupol fuviwwok uro eba oj wed tozfad herihimo hocmi mici zolvi goaffa fapawpod.,false,1364812825000,Lida Rodriguez
500811932000,Nancy Kennedy,pewubves@dew.ir,Aruba gu kivohi se ju poojaizu negefel olleg cofhij pudabuz ravhol dekne vowej dajapcid dotabuj fubcawlul.,true,508466826000,Leonard Hale
1432199736000,Mollie Waters,gujif@kum.gy,Vatdetas dacav fusedma budpefud sepko ubiur kepogof kenruni adi osesavho ozohe toel ehwakul.,false,1437648983350,Lida Joseph
1242890295000,Jeanette Dennis,coog@lagonfa.pm,Mubo kotuwoh suf leke zi zuere uvehivip cakuted acipbek lavad duwkomdi em gom vib asbaruk ka tega zohve.,false,1376915635108,Ophelia Mendoza
448075772000,Lawrence Robbins,ba@jagiin.fk,Wo janubdih cotubog mo igeniw kojfe guzpug ico acto wup feewni dajnepsoj.,false,666523965053,Seth Obrien
434433133000,Maude Barrett,wella@cadolval.edu,Ucajum wud honjeh vegeteko fasobzac hicejti tiig uca rud zimu uwu mespenced wehrure eb uriheig megij pa.,true,869571980000,John Valdez
